<?xml version="1.0" encoding="gb2312" ?>
<SEGMENTS PROGRAMID="001">
    <SEGMENT ID="15">
        <COLUMN ID="1" VALUE="2322222" />
        <COLUMN ID="2" VALUE="4324" />
        <COLUMN ID="3" VALUE="000001" />
        <COLUMN ID="4" VALUE="0000" />
        <COLUMN ID="5" VALUE="" />
        <COLUMN ID="6" VALUE="" />
        <COLUMN ID="7" VALUE="00" />
        <COLUMN ID="8" VALUE="" />
        <COLUMN ID="9" VALUE="" />
        <COLUMN ID="10" VALUE="00" />
        <COLUMN ID="11" VALUE="00" />
        <COLUMN ID="12" VALUE="" />
        <COLUMN ID="13" VALUE="43243" />
        <COLUMN ID="14" VALUE="00000000" />
        <COLUMN ID="15" VALUE="" />
        <COLUMN ID="16" VALUE="00" />
        <COLUMN ID="17" VALUE="" />
        <COLUMN ID="18" VALUE="00" />
        <COLUMN ID="19" VALUE="00" />
        <COLUMN ID="20" VALUE="" />
        <COLUMN ID="21" VALUE="" />
        <COLUMN ID="22" VALUE="00000000" />
        <COLUMN ID="23" VALUE="" />
        <COLUMN ID="24" VALUE="00" />
        <COLUMN ID="25" VALUE="00" />
        <COLUMN ID="58" VALUE="00" />
        <COLUMN ID="59" VALUE="001" />
        <COLUMN ID="60" VALUE="" />
        <COLUMN ID="70" VALUE="0000" />
        <COLUMN ID="71" VALUE="0000" />
        <COLUMN ID="72" VALUE="00000000" />
        <COLUMN ID="73" VALUE="" />
        <COLUMN ID="74" VALUE="002100" />
        <COLUMN ID="75" VALUE="00" />
        <COLUMN ID="76" VALUE="00" />
        <COLUMN ID="77" VALUE="00" />
        <COLUMN ID="78" VALUE="432" />
        <COLUMN ID="79" VALUE="32432" />
        <COLUMN ID="80" VALUE="1213000000" />
        </SEGMENT>
</SEGMENTS>